<?xml version="1.0" encoding="UTF-8"?>
<!DOCTYPE hibernate-configuration PUBLIC
        "-//Hibernate/Hibernate Configuration DTD 3.0//EN"
        "http://www.hibernate.org/dtd/hibernate-configuration-3.0.dtd">
<hibernate-configuration>      
  <session-factory>
    <!-- Database connection settings -->
    <property name="connection.driver_class">com.mysql.jdbc.Driver</property>
    <property name="connection.url">jdbc:mysql://local:3306/student</property>
    <property name="connection.username">root</property>
    <property name="connection.password">231200@MANSI</property>
    <property name="show_sql">true</property>
        
    <mapping class="com.HibernateDemo.Employee" />
     
  </session-factory>
</hibernate-configuration>
